{
  "model": "qwen3.5:4b",
  "total_tasks": 9,
  "timestamp": 1775831246.9303148,
  "by_category": {
    "ocr": {
      "count": 2,
      "latency_ms": {
        "mean": 182147.15258789062,
        "min": 152396.1044921875,
        "max": 211898.20068359375
      },
      "ocr_exact_match_%": 100.0,
      "ocr_levenshtein_mean": 1.0
    },
    "grounding": {
      "count": 2,
      "latency_ms": {
        "mean": 300139.99768066406,
        "min": 300013.1037597656,
        "max": 300266.8916015625
      },
      "grounding_iou_mean": 0.0,
      "json_valid_%": 0.0,
      "grounding_center_error_mean_px": 769.8828502192448
    },
    "description": {
      "count": 2,
      "latency_ms": {
        "mean": 300276.5723876953,
        "min": 300274.14501953125,
        "max": 300278.9997558594
      },
      "keywords_coverage_mean": 0.0
    },
    "afk": {
      "count": 3,
      "latency_ms": {
        "mean": 49396.50887044271,
        "min": 43554.63134765625,
        "max": 54640.27294921875
      }
    }
  }
}