{
  "model": "qwen3-vl:8b",
  "total_tasks": 9,
  "timestamp": 1775833480.139183,
  "by_category": {
    "ocr": {
      "count": 2,
      "latency_ms": {
        "mean": 169909.3525390625,
        "min": 39797.623046875,
        "max": 300021.08203125
      },
      "ocr_exact_match_%": 0.0,
      "ocr_levenshtein_mean": 0.16498316498316495
    },
    "grounding": {
      "count": 2,
      "latency_ms": {
        "mean": 300167.26623535156,
        "min": 300037.1220703125,
        "max": 300297.4104003906
      },
      "grounding_iou_mean": 0.0,
      "json_valid_%": 0.0,
      "grounding_center_error_mean_px": 769.8828502192448
    },
    "description": {
      "count": 2,
      "latency_ms": {
        "mean": 300281.8815917969,
        "min": 300280.0966796875,
        "max": 300283.66650390625
      },
      "keywords_coverage_mean": 0.0
    },
    "afk": {
      "count": 3,
      "latency_ms": {
        "mean": 43381.8154296875,
        "min": 36402.116943359375,
        "max": 52492.593505859375
      }
    }
  }
}