{
  "model": "qwen3-vl:8b",
  "total_tasks": 9,
  "timestamp": 1775821829.4219356,
  "by_category": {
    "ocr": {
      "count": 2,
      "latency_ms": {
        "mean": 189845.01525878906,
        "min": 93548.93994140625,
        "max": 286141.0905761719
      },
      "ocr_exact_match_%": 50.0,
      "ocr_levenshtein_mean": 0.9814814814814815
    },
    "grounding": {
      "count": 2,
      "latency_ms": {
        "mean": 300141.107421875,
        "min": 300016.3527832031,
        "max": 300265.8620605469
      },
      "grounding_iou_mean": 0.0,
      "json_valid_%": 0.0,
      "grounding_center_error_mean_px": 769.8828502192448
    },
    "description": {
      "count": 2,
      "latency_ms": {
        "mean": 198838.94018554688,
        "min": 169906.45336914062,
        "max": 227771.42700195312
      },
      "keywords_coverage_mean": 0.8333333333333333
    },
    "afk": {
      "count": 3,
      "latency_ms": {
        "mean": 30682.012044270832,
        "min": 16982.176513671875,
        "max": 54618.824951171875
      }
    }
  }
}